,0
Model,0
VetRepository,0
PageRequest,0
List,0
Specialty,0
Vet,0
Long,0
specialties(table),0
Page,0
vet_specialties(table),0
VetController,0
vets(table),0
vetList(html),0
Vets,0
VisitController,1
Map,1
Pet,1
types(table),1
{ownerId}(html),1
Collections,1
NamedEntity,1
PetType,1
BindingResult,1
Integer,1
Set,1
PetRepository,1
Visit,1
LocalDate,1
createOrUpdateVisitForm(html),1
pets(table),1
PropertyComparator,1
visits(table),1
VisitRepository,1
owners(table),1
Person,2
Owner,2
ModelMap,2
PetTypeFormatter,2
ownersList(html),2
Collection,2
ModelAndView,2
BaseEntity,2
createOrUpdateOwnerForm(html),2
1(html),2
OwnerRepository,2
StringUtils,2
WebDataBinder,2
Iterator,2
createOrUpdatePetForm(html),2
OwnerController,2
StringBuilder,2
findOwners(html),2
Class,2
11(html),2
PetController,2
String,2
PetValidator,2
ownerDetails(html),2
Errors,2
